{"loss":0.4291515052318573,"accuracy":0.7198299765586853,"_timestamp":1.759773629880439e+09,"_wandb":{"runtime":0},"_runtime":0,"_step":4,"epoch":4}