{"epoch":4,"loss":-0.4032540023326874,"accuracy":0.09523594379425049,"_timestamp":1.7597736323575199e+09,"_step":4,"_wandb":{"runtime":0},"_runtime":0}