{"_timestamp":1.759773640315149e+09,"_step":4,"_wandb":{"runtime":0},"_runtime":0,"epoch":4,"loss":-0.771071195602417,"accuracy":0.5113195180892944}